{
	"partitions" : [
		{
			"name" : "Top",
			"pins" : [
				{
					"name" : "servo",
					"strict" : false
				},
				{
					"name" : "ir_counter[0]",
					"strict" : false
				},
				{
					"name" : "ir_counter[1]",
					"strict" : false
				},
				{
					"name" : "ir_counter[2]",
					"strict" : false
				},
				{
					"name" : "ir_counter[3]",
					"strict" : false
				},
				{
					"name" : "ir_counter[4]",
					"strict" : false
				},
				{
					"name" : "ir_counter[5]",
					"strict" : false
				},
				{
					"name" : "ir_counter[6]",
					"strict" : false
				},
				{
					"name" : "reset",
					"strict" : false
				},
				{
					"name" : "clk",
					"strict" : false
				},
				{
					"name" : "btn_pressed",
					"strict" : false
				},
				{
					"name" : "ir_sensor",
					"strict" : false
				}
			]
		}
	]
}